metric,count,mean,std,min,25%,50%,75%,max
CO AQI Value,23463.0,1.3683672164684824,1.8320636838212414,0.0,1.0,1.0,1.0,133.0
