metric,count,mean,std,min,25%,50%,75%,max
NO2 AQI Value,23463.0,3.0633337595362913,5.254108426652154,0.0,0.0,1.0,4.0,91.0
