count,mean,std,min,25%,50%,75%,max
23463.0,72.01086817542513,56.05522025223699,6.0,39.0,55.0,79.0,500.0
