metric,count,mean,std,min,25%,50%,75%,max
Ozone AQI Value,23463.0,35.19370924434216,28.098723409526965,0.0,21.0,31.0,40.0,235.0
