metric,count,mean,std,min,25%,50%,75%,max
PM2.5 AQI Value,23463.0,68.51975450709628,54.79644316021084,0.0,35.0,54.0,79.0,500.0
